Username,LoginTime
admin,2025-05-29T01:11:49.8854908
admin,2025-05-29T01:16:08.2890639
admin,2025-05-29T01:17:17.5697937
rafin,2025-05-29T01:20:48.2904202
admin,2025-05-29T01:32:23.9917419
rafin,2025-05-29T01:35:21.8224509
admin,2025-05-29T01:35:53.354117
admin,2025-05-29T01:46:13.5071156,SUCCESS
s,2025-05-29T01:48:47.5382258,FAILED_INVALID_PASSWORD
e1,2025-05-29T01:52:51.2311181,FAILED_INVALID_PASSWORD
e1,2025-05-29T01:54:55.2122059,FAILED_INVALID_PASSWORD
e111,2025-05-29T01:56:00.8110944,SUCCESS
e1,2025-05-29T02:01:44.562141,FAILED_INVALID_PASSWORD
admin,2025-05-29T02:01:53.9376301,SUCCESS
admin,2025-05-29T02:05:35.8557875,FAILED_INVALID_PASSWORD
admin,2025-05-29T02:05:39.2484123,FAILED_INVALID_PASSWORD
admin,2025-05-29T02:05:44.7994558,SUCCESS
admin,2025-05-29T02:23:50.5075698,SUCCESS
admin,2025-05-29T02:27:04.4830937,SUCCESS
admin,2025-05-29T02:28:39.9178901,SUCCESS
admin,2025-05-29T02:30:02.760866,SUCCESS
admin,2025-05-29T02:32:22.1965108,FAILED_INVALID_PASSWORD
admin,2025-05-29T02:32:27.3163985,SUCCESS
admin,2025-05-29T02:33:42.4448537,SUCCESS
admin,2025-05-29T02:36:23.5579407,SUCCESS
admin,2025-05-29T02:38:40.0548912,SUCCESS
admin,2025-05-29T04:26:51.5813827,SUCCESS
admin,2025-05-29T04:31:38.3108461,SUCCESS
admin,2025-05-29T04:53:56.8523662,SUCCESS
admin,2025-05-29T05:02:09.2148589,SUCCESS
admin,2025-05-29T13:17:10.6071408,SUCCESS
admin,2025-05-29T13:43:16.9985454,SUCCESS
admin,2025-05-29T13:47:52.4356079,SUCCESS
admin,2025-05-29T13:53:23.6147982,SUCCESS
